id,name,desc
1,Product 1,Desc
2,Product 2,Desc
3,Product 3,Desc
4,Product 4,Desc
5,Product 5,Desc
6,Product 6,Desc
7,Product 7,Desc
8,Product 8,Desc
9,Product 9,Desc
10,Product 10,Desc
11,Product 11,Desc
12,Product 12,Desc
13,Product 13,Desc
14,Product 14,Desc
15,Product 15,Desc
16,Product 16,Desc
17,Product 17,Desc
18,Product 18,Desc
19,Product 19,Desc
20,Product 20,Desc
21,Product 21,Desc
22,Product 22,Desc
23,Product 23,Desc
24,Product 24,Desc
25,Product 25,Desc
26,Product 26,Desc
27,Product 27,Desc
28,Product 28,Desc
29,Product 29,Desc
30,Product 30,Desc
31,Product 31,Desc
32,Product 32,Desc
33,Product 33,Desc
34,Product 34,Desc
35,Product 35,Desc
36,Product 36,Desc
37,Product 37,Desc
38,Product 38,Desc
39,Product 39,Desc
40,Product 40,Desc
41,Product 41,Desc
42,Product 42,Desc
43,Product 43,Desc
44,Product 44,Desc
45,Product 45,Desc
46,Product 46,Desc
47,Product 47,Desc
48,Product 48,Desc
49,Product 49,Desc
50,Product 50,Desc
51,Product 51,Desc
52,Product 52,Desc
53,Product 53,Desc
54,Product 54,Desc
55,Product 55,Desc
56,Product 56,Desc
57,Product 57,Desc
58,Product 58,Desc
59,Product 59,Desc
60,Product 60,Desc
61,Product 61,Desc
62,Product 62,Desc
63,Product 63,Desc
64,Product 64,Desc
65,Product 65,Desc
66,Product 66,Desc
67,Product 67,Desc
68,Product 68,Desc
69,Product 69,Desc
70,Product 70,Desc
71,Product 71,Desc
72,Product 72,Desc
73,Product 73,Desc
74,Product 74,Desc
75,Product 75,Desc
76,Product 76,Desc
77,Product 77,Desc
78,Product 78,Desc
79,Product 79,Desc
80,Product 80,Desc
81,Product 81,Desc
82,Product 82,Desc
83,Product 83,Desc
84,Product 84,Desc
85,Product 85,Desc
86,Product 86,Desc
87,Product 87,Desc
88,Product 88,Desc
89,Product 89,Desc
90,Product 90,Desc
91,Product 91,Desc
92,Product 92,Desc
93,Product 93,Desc
94,Product 94,Desc
95,Product 95,Desc
96,Product 96,Desc
97,Product 97,Desc
98,Product 98,Desc
99,Product 99,Desc
100,Product 100,Desc
101,Product 101,Desc
102,Product 102,Desc
103,Product 103,Desc
104,Product 104,Desc
105,Product 105,Desc
106,Product 106,Desc
107,Product 107,Desc
108,Product 108,Desc
109,Product 109,Desc
110,Product 110,Desc
111,Product 111,Desc
112,Product 112,Desc
113,Product 113,Desc
114,Product 114,Desc
115,Product 115,Desc
116,Product 116,Desc
117,Product 117,Desc
118,Product 118,Desc
119,Product 119,Desc
120,Product 120,Desc
121,Product 121,Desc
122,Product 122,Desc
123,Product 123,Desc
124,Product 124,Desc
125,Product 125,Desc
126,Product 126,Desc
127,Product 127,Desc
128,Product 128,Desc
129,Product 129,Desc
130,Product 130,Desc
131,Product 131,Desc
132,Product 132,Desc
133,Product 133,Desc
134,Product 134,Desc
135,Product 135,Desc
136,Product 136,Desc
137,Product 137,Desc
138,Product 138,Desc
139,Product 139,Desc
140,Product 140,Desc
141,Product 141,Desc
142,Product 142,Desc
143,Product 143,Desc
144,Product 144,Desc
145,Product 145,Desc
146,Product 146,Desc
147,Product 147,Desc
148,Product 148,Desc
149,Product 149,Desc
150,Product 150,Desc
151,Product 151,Desc
152,Product 152,Desc
153,Product 153,Desc
154,Product 154,Desc
155,Product 155,Desc
156,Product 156,Desc
157,Product 157,Desc
158,Product 158,Desc
159,Product 159,Desc
160,Product 160,Desc
161,Product 161,Desc
162,Product 162,Desc
163,Product 163,Desc
164,Product 164,Desc
165,Product 165,Desc
166,Product 166,Desc
167,Product 167,Desc
168,Product 168,Desc
169,Product 169,Desc
170,Product 170,Desc
171,Product 171,Desc
172,Product 172,Desc
173,Product 173,Desc
174,Product 174,Desc
175,Product 175,Desc
176,Product 176,Desc
177,Product 177,Desc
178,Product 178,Desc
179,Product 179,Desc
180,Product 180,Desc
181,Product 181,Desc
182,Product 182,Desc
183,Product 183,Desc
184,Product 184,Desc
185,Product 185,Desc
186,Product 186,Desc
187,Product 187,Desc
188,Product 188,Desc
189,Product 189,Desc
190,Product 190,Desc
191,Product 191,Desc
192,Product 192,Desc
193,Product 193,Desc
194,Product 194,Desc
195,Product 195,Desc
196,Product 196,Desc
197,Product 197,Desc
198,Product 198,Desc
199,Product 199,Desc
200,Product 200,Desc
201,Product 201,Desc
202,Product 202,Desc
203,Product 203,Desc
204,Product 204,Desc
205,Product 205,Desc
206,Product 206,Desc
207,Product 207,Desc
208,Product 208,Desc
209,Product 209,Desc
210,Product 210,Desc
211,Product 211,Desc
212,Product 212,Desc
213,Product 213,Desc
214,Product 214,Desc
215,Product 215,Desc
216,Product 216,Desc
217,Product 217,Desc
218,Product 218,Desc
219,Product 219,Desc
220,Product 220,Desc
221,Product 221,Desc
222,Product 222,Desc
223,Product 223,Desc
224,Product 224,Desc
225,Product 225,Desc
226,Product 226,Desc
227,Product 227,Desc
228,Product 228,Desc
229,Product 229,Desc
230,Product 230,Desc
231,Product 231,Desc
232,Product 232,Desc
233,Product 233,Desc
234,Product 234,Desc
235,Product 235,Desc
236,Product 236,Desc
237,Product 237,Desc
238,Product 238,Desc
239,Product 239,Desc
240,Product 240,Desc
241,Product 241,Desc
242,Product 242,Desc
243,Product 243,Desc
244,Product 244,Desc
245,Product 245,Desc
246,Product 246,Desc
247,Product 247,Desc
248,Product 248,Desc
249,Product 249,Desc
250,Product 250,Desc
251,Product 251,Desc
252,Product 252,Desc
253,Product 253,Desc
254,Product 254,Desc
255,Product 255,Desc
256,Product 256,Desc
257,Product 257,Desc
258,Product 258,Desc
259,Product 259,Desc
260,Product 260,Desc
261,Product 261,Desc
262,Product 262,Desc
263,Product 263,Desc
264,Product 264,Desc
265,Product 265,Desc
266,Product 266,Desc
267,Product 267,Desc
268,Product 268,Desc
269,Product 269,Desc
270,Product 270,Desc
271,Product 271,Desc
272,Product 272,Desc
273,Product 273,Desc
274,Product 274,Desc
275,Product 275,Desc
276,Product 276,Desc
277,Product 277,Desc
278,Product 278,Desc
279,Product 279,Desc
280,Product 280,Desc
281,Product 281,Desc
282,Product 282,Desc
283,Product 283,Desc
284,Product 284,Desc
285,Product 285,Desc
286,Product 286,Desc
287,Product 287,Desc
288,Product 288,Desc
289,Product 289,Desc
290,Product 290,Desc
291,Product 291,Desc
292,Product 292,Desc
293,Product 293,Desc
294,Product 294,Desc
295,Product 295,Desc
296,Product 296,Desc
297,Product 297,Desc
298,Product 298,Desc
299,Product 299,Desc
300,Product 300,Desc
301,Product 301,Desc
302,Product 302,Desc
303,Product 303,Desc
304,Product 304,Desc
305,Product 305,Desc
306,Product 306,Desc
307,Product 307,Desc
308,Product 308,Desc
309,Product 309,Desc
310,Product 310,Desc
311,Product 311,Desc
312,Product 312,Desc
313,Product 313,Desc
314,Product 314,Desc
315,Product 315,Desc
316,Product 316,Desc
317,Product 317,Desc
318,Product 318,Desc
319,Product 319,Desc
320,Product 320,Desc
321,Product 321,Desc
322,Product 322,Desc
323,Product 323,Desc
324,Product 324,Desc
325,Product 325,Desc
326,Product 326,Desc
327,Product 327,Desc
328,Product 328,Desc
329,Product 329,Desc
330,Product 330,Desc
331,Product 331,Desc
332,Product 332,Desc
333,Product 333,Desc
334,Product 334,Desc
335,Product 335,Desc
336,Product 336,Desc
337,Product 337,Desc
338,Product 338,Desc
339,Product 339,Desc
340,Product 340,Desc
341,Product 341,Desc
342,Product 342,Desc
343,Product 343,Desc
344,Product 344,Desc
345,Product 345,Desc
346,Product 346,Desc
347,Product 347,Desc
348,Product 348,Desc
349,Product 349,Desc
350,Product 350,Desc
351,Product 351,Desc
352,Product 352,Desc
353,Product 353,Desc
354,Product 354,Desc
355,Product 355,Desc
356,Product 356,Desc
357,Product 357,Desc
358,Product 358,Desc
359,Product 359,Desc
360,Product 360,Desc
361,Product 361,Desc
362,Product 362,Desc
363,Product 363,Desc
364,Product 364,Desc
365,Product 365,Desc
366,Product 366,Desc
367,Product 367,Desc
368,Product 368,Desc
369,Product 369,Desc
370,Product 370,Desc
371,Product 371,Desc
372,Product 372,Desc
373,Product 373,Desc
374,Product 374,Desc
375,Product 375,Desc
376,Product 376,Desc
377,Product 377,Desc
378,Product 378,Desc
379,Product 379,Desc
380,Product 380,Desc
381,Product 381,Desc
382,Product 382,Desc
383,Product 383,Desc
384,Product 384,Desc
385,Product 385,Desc
386,Product 386,Desc
387,Product 387,Desc
388,Product 388,Desc
389,Product 389,Desc
390,Product 390,Desc
391,Product 391,Desc
392,Product 392,Desc
393,Product 393,Desc
394,Product 394,Desc
395,Product 395,Desc
396,Product 396,Desc
397,Product 397,Desc
398,Product 398,Desc
399,Product 399,Desc
400,Product 400,Desc
401,Product 401,Desc
402,Product 402,Desc
403,Product 403,Desc
404,Product 404,Desc
405,Product 405,Desc
406,Product 406,Desc
407,Product 407,Desc
408,Product 408,Desc
409,Product 409,Desc
410,Product 410,Desc
411,Product 411,Desc
412,Product 412,Desc
413,Product 413,Desc
414,Product 414,Desc
415,Product 415,Desc
416,Product 416,Desc
417,Product 417,Desc
418,Product 418,Desc
419,Product 419,Desc
420,Product 420,Desc
421,Product 421,Desc
422,Product 422,Desc
423,Product 423,Desc
424,Product 424,Desc
425,Product 425,Desc
426,Product 426,Desc
427,Product 427,Desc
428,Product 428,Desc
429,Product 429,Desc
430,Product 430,Desc
431,Product 431,Desc
432,Product 432,Desc
433,Product 433,Desc
434,Product 434,Desc
435,Product 435,Desc
436,Product 436,Desc
437,Product 437,Desc
438,Product 438,Desc
439,Product 439,Desc
440,Product 440,Desc
441,Product 441,Desc
442,Product 442,Desc
443,Product 443,Desc
444,Product 444,Desc
445,Product 445,Desc
446,Product 446,Desc
447,Product 447,Desc
448,Product 448,Desc
449,Product 449,Desc
450,Product 450,Desc
451,Product 451,Desc
452,Product 452,Desc
453,Product 453,Desc
454,Product 454,Desc
455,Product 455,Desc
456,Product 456,Desc
457,Product 457,Desc
458,Product 458,Desc
459,Product 459,Desc
460,Product 460,Desc
461,Product 461,Desc
462,Product 462,Desc
463,Product 463,Desc
464,Product 464,Desc
465,Product 465,Desc
466,Product 466,Desc
467,Product 467,Desc
468,Product 468,Desc
469,Product 469,Desc
470,Product 470,Desc
471,Product 471,Desc
472,Product 472,Desc
473,Product 473,Desc
474,Product 474,Desc
475,Product 475,Desc
476,Product 476,Desc
477,Product 477,Desc
478,Product 478,Desc
479,Product 479,Desc
480,Product 480,Desc
481,Product 481,Desc
482,Product 482,Desc
483,Product 483,Desc
484,Product 484,Desc
485,Product 485,Desc
486,Product 486,Desc
487,Product 487,Desc
488,Product 488,Desc
489,Product 489,Desc
490,Product 490,Desc
491,Product 491,Desc
492,Product 492,Desc
493,Product 493,Desc
494,Product 494,Desc
495,Product 495,Desc
496,Product 496,Desc
497,Product 497,Desc
498,Product 498,Desc
499,Product 499,Desc
500,Product 500,Desc
501,Product 501,Desc
502,Product 502,Desc
503,Product 503,Desc
504,Product 504,Desc
505,Product 505,Desc
506,Product 506,Desc
507,Product 507,Desc
508,Product 508,Desc
509,Product 509,Desc
510,Product 510,Desc
511,Product 511,Desc
512,Product 512,Desc
513,Product 513,Desc
514,Product 514,Desc
515,Product 515,Desc
516,Product 516,Desc
517,Product 517,Desc
518,Product 518,Desc
519,Product 519,Desc
520,Product 520,Desc
521,Product 521,Desc
522,Product 522,Desc
523,Product 523,Desc
524,Product 524,Desc
525,Product 525,Desc
526,Product 526,Desc
527,Product 527,Desc
528,Product 528,Desc
529,Product 529,Desc
530,Product 530,Desc
531,Product 531,Desc
532,Product 532,Desc
533,Product 533,Desc
534,Product 534,Desc
535,Product 535,Desc
536,Product 536,Desc
537,Product 537,Desc
538,Product 538,Desc
539,Product 539,Desc
540,Product 540,Desc
541,Product 541,Desc
542,Product 542,Desc
543,Product 543,Desc
544,Product 544,Desc
545,Product 545,Desc
546,Product 546,Desc
547,Product 547,Desc
548,Product 548,Desc
549,Product 549,Desc
550,Product 550,Desc
551,Product 551,Desc
552,Product 552,Desc
553,Product 553,Desc
554,Product 554,Desc
555,Product 555,Desc
556,Product 556,Desc
557,Product 557,Desc
558,Product 558,Desc
559,Product 559,Desc
560,Product 560,Desc
561,Product 561,Desc
562,Product 562,Desc
563,Product 563,Desc
564,Product 564,Desc
565,Product 565,Desc
566,Product 566,Desc
567,Product 567,Desc
568,Product 568,Desc
569,Product 569,Desc
570,Product 570,Desc
571,Product 571,Desc
572,Product 572,Desc
573,Product 573,Desc
574,Product 574,Desc
575,Product 575,Desc
576,Product 576,Desc
577,Product 577,Desc
578,Product 578,Desc
579,Product 579,Desc
580,Product 580,Desc
581,Product 581,Desc
582,Product 582,Desc
583,Product 583,Desc
584,Product 584,Desc
585,Product 585,Desc
586,Product 586,Desc
587,Product 587,Desc
588,Product 588,Desc
589,Product 589,Desc
590,Product 590,Desc
591,Product 591,Desc
592,Product 592,Desc
593,Product 593,Desc
594,Product 594,Desc
595,Product 595,Desc
596,Product 596,Desc
597,Product 597,Desc
598,Product 598,Desc
599,Product 599,Desc
600,Product 600,Desc
601,Product 601,Desc
602,Product 602,Desc
603,Product 603,Desc
604,Product 604,Desc
605,Product 605,Desc
606,Product 606,Desc
607,Product 607,Desc
608,Product 608,Desc
609,Product 609,Desc
610,Product 610,Desc
611,Product 611,Desc
612,Product 612,Desc
613,Product 613,Desc
614,Product 614,Desc
615,Product 615,Desc
616,Product 616,Desc
617,Product 617,Desc
618,Product 618,Desc
619,Product 619,Desc
620,Product 620,Desc
621,Product 621,Desc
622,Product 622,Desc
623,Product 623,Desc
624,Product 624,Desc
625,Product 625,Desc
626,Product 626,Desc
627,Product 627,Desc
628,Product 628,Desc
629,Product 629,Desc
630,Product 630,Desc
631,Product 631,Desc
632,Product 632,Desc
633,Product 633,Desc
634,Product 634,Desc
635,Product 635,Desc
636,Product 636,Desc
637,Product 637,Desc
638,Product 638,Desc
639,Product 639,Desc
640,Product 640,Desc
641,Product 641,Desc
642,Product 642,Desc
643,Product 643,Desc
644,Product 644,Desc
645,Product 645,Desc
646,Product 646,Desc
647,Product 647,Desc
648,Product 648,Desc
649,Product 649,Desc
650,Product 650,Desc
651,Product 651,Desc
652,Product 652,Desc
653,Product 653,Desc
654,Product 654,Desc
655,Product 655,Desc
656,Product 656,Desc
657,Product 657,Desc
658,Product 658,Desc
659,Product 659,Desc
660,Product 660,Desc
661,Product 661,Desc
662,Product 662,Desc
663,Product 663,Desc
664,Product 664,Desc
665,Product 665,Desc
666,Product 666,Desc
667,Product 667,Desc
668,Product 668,Desc
669,Product 669,Desc
670,Product 670,Desc
671,Product 671,Desc
672,Product 672,Desc
673,Product 673,Desc
674,Product 674,Desc
675,Product 675,Desc
676,Product 676,Desc
677,Product 677,Desc
678,Product 678,Desc
679,Product 679,Desc
680,Product 680,Desc
681,Product 681,Desc
682,Product 682,Desc
683,Product 683,Desc
684,Product 684,Desc
685,Product 685,Desc
686,Product 686,Desc
687,Product 687,Desc
688,Product 688,Desc
689,Product 689,Desc
690,Product 690,Desc
691,Product 691,Desc
692,Product 692,Desc
693,Product 693,Desc
694,Product 694,Desc
695,Product 695,Desc
696,Product 696,Desc
697,Product 697,Desc
698,Product 698,Desc
699,Product 699,Desc
700,Product 700,Desc
701,Product 701,Desc
702,Product 702,Desc
703,Product 703,Desc
704,Product 704,Desc
705,Product 705,Desc
706,Product 706,Desc
707,Product 707,Desc
708,Product 708,Desc
709,Product 709,Desc
710,Product 710,Desc
711,Product 711,Desc
712,Product 712,Desc
713,Product 713,Desc
714,Product 714,Desc
715,Product 715,Desc
716,Product 716,Desc
717,Product 717,Desc
718,Product 718,Desc
719,Product 719,Desc
720,Product 720,Desc
721,Product 721,Desc
722,Product 722,Desc
723,Product 723,Desc
724,Product 724,Desc
725,Product 725,Desc
726,Product 726,Desc
727,Product 727,Desc
728,Product 728,Desc
729,Product 729,Desc
730,Product 730,Desc
731,Product 731,Desc
732,Product 732,Desc
733,Product 733,Desc
734,Product 734,Desc
735,Product 735,Desc
736,Product 736,Desc
737,Product 737,Desc
738,Product 738,Desc
739,Product 739,Desc
740,Product 740,Desc
741,Product 741,Desc
742,Product 742,Desc
743,Product 743,Desc
744,Product 744,Desc
745,Product 745,Desc
746,Product 746,Desc
747,Product 747,Desc
748,Product 748,Desc
749,Product 749,Desc
750,Product 750,Desc
751,Product 751,Desc
752,Product 752,Desc
753,Product 753,Desc
754,Product 754,Desc
755,Product 755,Desc
756,Product 756,Desc
757,Product 757,Desc
758,Product 758,Desc
759,Product 759,Desc
760,Product 760,Desc
761,Product 761,Desc
762,Product 762,Desc
763,Product 763,Desc
764,Product 764,Desc
765,Product 765,Desc
766,Product 766,Desc
767,Product 767,Desc
768,Product 768,Desc
769,Product 769,Desc
770,Product 770,Desc
771,Product 771,Desc
772,Product 772,Desc
773,Product 773,Desc
774,Product 774,Desc
775,Product 775,Desc
776,Product 776,Desc
777,Product 777,Desc
778,Product 778,Desc
779,Product 779,Desc
780,Product 780,Desc
781,Product 781,Desc
782,Product 782,Desc
783,Product 783,Desc
784,Product 784,Desc
785,Product 785,Desc
786,Product 786,Desc
787,Product 787,Desc
788,Product 788,Desc
789,Product 789,Desc
790,Product 790,Desc
791,Product 791,Desc
792,Product 792,Desc
793,Product 793,Desc
794,Product 794,Desc
795,Product 795,Desc
796,Product 796,Desc
797,Product 797,Desc
798,Product 798,Desc
799,Product 799,Desc
800,Product 800,Desc
801,Product 801,Desc
802,Product 802,Desc
803,Product 803,Desc
804,Product 804,Desc
805,Product 805,Desc
806,Product 806,Desc
807,Product 807,Desc
808,Product 808,Desc
809,Product 809,Desc
810,Product 810,Desc
811,Product 811,Desc
812,Product 812,Desc
813,Product 813,Desc
814,Product 814,Desc
815,Product 815,Desc
816,Product 816,Desc
817,Product 817,Desc
818,Product 818,Desc
819,Product 819,Desc
820,Product 820,Desc
821,Product 821,Desc
822,Product 822,Desc
823,Product 823,Desc
824,Product 824,Desc
825,Product 825,Desc
826,Product 826,Desc
827,Product 827,Desc
828,Product 828,Desc
829,Product 829,Desc
830,Product 830,Desc
831,Product 831,Desc
832,Product 832,Desc
833,Product 833,Desc
834,Product 834,Desc
835,Product 835,Desc
836,Product 836,Desc
837,Product 837,Desc
838,Product 838,Desc
839,Product 839,Desc
840,Product 840,Desc
841,Product 841,Desc
842,Product 842,Desc
843,Product 843,Desc
844,Product 844,Desc
845,Product 845,Desc
846,Product 846,Desc
847,Product 847,Desc
848,Product 848,Desc
849,Product 849,Desc
850,Product 850,Desc
851,Product 851,Desc
852,Product 852,Desc
853,Product 853,Desc
854,Product 854,Desc
855,Product 855,Desc
856,Product 856,Desc
857,Product 857,Desc
858,Product 858,Desc
859,Product 859,Desc
860,Product 860,Desc
861,Product 861,Desc
862,Product 862,Desc
863,Product 863,Desc
864,Product 864,Desc
865,Product 865,Desc
866,Product 866,Desc
867,Product 867,Desc
868,Product 868,Desc
869,Product 869,Desc
870,Product 870,Desc
871,Product 871,Desc
872,Product 872,Desc
873,Product 873,Desc
874,Product 874,Desc
875,Product 875,Desc
876,Product 876,Desc
877,Product 877,Desc
878,Product 878,Desc
879,Product 879,Desc
880,Product 880,Desc
881,Product 881,Desc
882,Product 882,Desc
883,Product 883,Desc
884,Product 884,Desc
885,Product 885,Desc
886,Product 886,Desc
887,Product 887,Desc
888,Product 888,Desc
889,Product 889,Desc
890,Product 890,Desc
891,Product 891,Desc
892,Product 892,Desc
893,Product 893,Desc
894,Product 894,Desc
895,Product 895,Desc
896,Product 896,Desc
897,Product 897,Desc
898,Product 898,Desc
899,Product 899,Desc
900,Product 900,Desc
901,Product 901,Desc
902,Product 902,Desc
903,Product 903,Desc
904,Product 904,Desc
905,Product 905,Desc
906,Product 906,Desc
907,Product 907,Desc
908,Product 908,Desc
909,Product 909,Desc
910,Product 910,Desc
911,Product 911,Desc
912,Product 912,Desc
913,Product 913,Desc
914,Product 914,Desc
915,Product 915,Desc
916,Product 916,Desc
917,Product 917,Desc
918,Product 918,Desc
919,Product 919,Desc
920,Product 920,Desc
921,Product 921,Desc
922,Product 922,Desc
923,Product 923,Desc
924,Product 924,Desc
925,Product 925,Desc
926,Product 926,Desc
927,Product 927,Desc
928,Product 928,Desc
929,Product 929,Desc
930,Product 930,Desc
931,Product 931,Desc
932,Product 932,Desc
933,Product 933,Desc
934,Product 934,Desc
935,Product 935,Desc
936,Product 936,Desc
937,Product 937,Desc
938,Product 938,Desc
939,Product 939,Desc
940,Product 940,Desc
941,Product 941,Desc
942,Product 942,Desc
943,Product 943,Desc
944,Product 944,Desc
945,Product 945,Desc
946,Product 946,Desc
947,Product 947,Desc
948,Product 948,Desc
949,Product 949,Desc
950,Product 950,Desc
951,Product 951,Desc
952,Product 952,Desc
953,Product 953,Desc
954,Product 954,Desc
955,Product 955,Desc
956,Product 956,Desc
957,Product 957,Desc
958,Product 958,Desc
959,Product 959,Desc
960,Product 960,Desc
961,Product 961,Desc
962,Product 962,Desc
963,Product 963,Desc
964,Product 964,Desc
965,Product 965,Desc
966,Product 966,Desc
967,Product 967,Desc
968,Product 968,Desc
969,Product 969,Desc
970,Product 970,Desc
971,Product 971,Desc
972,Product 972,Desc
973,Product 973,Desc
974,Product 974,Desc
975,Product 975,Desc
976,Product 976,Desc
977,Product 977,Desc
978,Product 978,Desc
979,Product 979,Desc
980,Product 980,Desc
981,Product 981,Desc
982,Product 982,Desc
983,Product 983,Desc
984,Product 984,Desc
985,Product 985,Desc
986,Product 986,Desc
987,Product 987,Desc
988,Product 988,Desc
989,Product 989,Desc
990,Product 990,Desc
991,Product 991,Desc
992,Product 992,Desc
993,Product 993,Desc
994,Product 994,Desc
995,Product 995,Desc
996,Product 996,Desc
997,Product 997,Desc
998,Product 998,Desc
999,Product 999,Desc
1000,Product 1000,Desc
1001,Product 1001,Desc
1002,Product 1002,Desc
1003,Product 1003,Desc
1004,Product 1004,Desc
1005,Product 1005,Desc
1006,Product 1006,Desc
1007,Product 1007,Desc
1008,Product 1008,Desc
1009,Product 1009,Desc
1010,Product 1010,Desc
1011,Product 1011,Desc
1012,Product 1012,Desc
1013,Product 1013,Desc
1014,Product 1014,Desc
1015,Product 1015,Desc
1016,Product 1016,Desc
1017,Product 1017,Desc
1018,Product 1018,Desc
1019,Product 1019,Desc
1020,Product 1020,Desc
1021,Product 1021,Desc
1022,Product 1022,Desc
1023,Product 1023,Desc
1024,Product 1024,Desc
1025,Product 1025,Desc
1026,Product 1026,Desc
1027,Product 1027,Desc
1028,Product 1028,Desc
1029,Product 1029,Desc
1030,Product 1030,Desc
1031,Product 1031,Desc
1032,Product 1032,Desc
1033,Product 1033,Desc
1034,Product 1034,Desc
1035,Product 1035,Desc
1036,Product 1036,Desc
1037,Product 1037,Desc
1038,Product 1038,Desc
1039,Product 1039,Desc
1040,Product 1040,Desc
1041,Product 1041,Desc
1042,Product 1042,Desc
1043,Product 1043,Desc
1044,Product 1044,Desc
1045,Product 1045,Desc
1046,Product 1046,Desc
1047,Product 1047,Desc
1048,Product 1048,Desc
1049,Product 1049,Desc
1050,Product 1050,Desc
1051,Product 1051,Desc
1052,Product 1052,Desc
1053,Product 1053,Desc
1054,Product 1054,Desc
1055,Product 1055,Desc
1056,Product 1056,Desc
1057,Product 1057,Desc
1058,Product 1058,Desc
1059,Product 1059,Desc
1060,Product 1060,Desc
1061,Product 1061,Desc
1062,Product 1062,Desc
1063,Product 1063,Desc
1064,Product 1064,Desc
1065,Product 1065,Desc
1066,Product 1066,Desc
1067,Product 1067,Desc
1068,Product 1068,Desc
1069,Product 1069,Desc
1070,Product 1070,Desc
1071,Product 1071,Desc
1072,Product 1072,Desc
1073,Product 1073,Desc
1074,Product 1074,Desc
1075,Product 1075,Desc
1076,Product 1076,Desc
1077,Product 1077,Desc
1078,Product 1078,Desc
1079,Product 1079,Desc
1080,Product 1080,Desc
1081,Product 1081,Desc
1082,Product 1082,Desc
1083,Product 1083,Desc
1084,Product 1084,Desc
1085,Product 1085,Desc
1086,Product 1086,Desc
1087,Product 1087,Desc
1088,Product 1088,Desc
1089,Product 1089,Desc
1090,Product 1090,Desc
1091,Product 1091,Desc
1092,Product 1092,Desc
1093,Product 1093,Desc
1094,Product 1094,Desc
1095,Product 1095,Desc
1096,Product 1096,Desc
1097,Product 1097,Desc
1098,Product 1098,Desc
1099,Product 1099,Desc
1100,Product 1100,Desc
1101,Product 1101,Desc
1102,Product 1102,Desc
1103,Product 1103,Desc
1104,Product 1104,Desc
1105,Product 1105,Desc
1106,Product 1106,Desc
1107,Product 1107,Desc
1108,Product 1108,Desc
1109,Product 1109,Desc
1110,Product 1110,Desc
1111,Product 1111,Desc
1112,Product 1112,Desc
1113,Product 1113,Desc
1114,Product 1114,Desc
1115,Product 1115,Desc
1116,Product 1116,Desc
1117,Product 1117,Desc
1118,Product 1118,Desc
1119,Product 1119,Desc
1120,Product 1120,Desc
1121,Product 1121,Desc
1122,Product 1122,Desc
1123,Product 1123,Desc
1124,Product 1124,Desc
1125,Product 1125,Desc
1126,Product 1126,Desc
1127,Product 1127,Desc
1128,Product 1128,Desc
1129,Product 1129,Desc
1130,Product 1130,Desc
1131,Product 1131,Desc
1132,Product 1132,Desc
1133,Product 1133,Desc
1134,Product 1134,Desc
1135,Product 1135,Desc
1136,Product 1136,Desc
1137,Product 1137,Desc
1138,Product 1138,Desc
1139,Product 1139,Desc
1140,Product 1140,Desc
1141,Product 1141,Desc
1142,Product 1142,Desc
1143,Product 1143,Desc
1144,Product 1144,Desc
1145,Product 1145,Desc
1146,Product 1146,Desc
1147,Product 1147,Desc
1148,Product 1148,Desc
1149,Product 1149,Desc
1150,Product 1150,Desc
1151,Product 1151,Desc
1152,Product 1152,Desc
1153,Product 1153,Desc
1154,Product 1154,Desc
1155,Product 1155,Desc
1156,Product 1156,Desc
1157,Product 1157,Desc
1158,Product 1158,Desc
1159,Product 1159,Desc
1160,Product 1160,Desc
1161,Product 1161,Desc
1162,Product 1162,Desc
1163,Product 1163,Desc
1164,Product 1164,Desc
1165,Product 1165,Desc
1166,Product 1166,Desc
1167,Product 1167,Desc
1168,Product 1168,Desc
1169,Product 1169,Desc
1170,Product 1170,Desc
1171,Product 1171,Desc
1172,Product 1172,Desc
1173,Product 1173,Desc
1174,Product 1174,Desc
1175,Product 1175,Desc
1176,Product 1176,Desc
1177,Product 1177,Desc
1178,Product 1178,Desc
1179,Product 1179,Desc
1180,Product 1180,Desc
1181,Product 1181,Desc
1182,Product 1182,Desc
1183,Product 1183,Desc
1184,Product 1184,Desc
1185,Product 1185,Desc
1186,Product 1186,Desc
1187,Product 1187,Desc
1188,Product 1188,Desc
1189,Product 1189,Desc
1190,Product 1190,Desc
1191,Product 1191,Desc
1192,Product 1192,Desc
1193,Product 1193,Desc
1194,Product 1194,Desc
1195,Product 1195,Desc
1196,Product 1196,Desc
1197,Product 1197,Desc
1198,Product 1198,Desc
1199,Product 1199,Desc
1200,Product 1200,Desc
1201,Product 1201,Desc
1202,Product 1202,Desc
1203,Product 1203,Desc
1204,Product 1204,Desc
1205,Product 1205,Desc
1206,Product 1206,Desc
1207,Product 1207,Desc
1208,Product 1208,Desc
1209,Product 1209,Desc
1210,Product 1210,Desc
1211,Product 1211,Desc
1212,Product 1212,Desc
1213,Product 1213,Desc
1214,Product 1214,Desc
1215,Product 1215,Desc
1216,Product 1216,Desc
1217,Product 1217,Desc
1218,Product 1218,Desc
1219,Product 1219,Desc
1220,Product 1220,Desc
1221,Product 1221,Desc
1222,Product 1222,Desc
1223,Product 1223,Desc
1224,Product 1224,Desc
1225,Product 1225,Desc
1226,Product 1226,Desc
1227,Product 1227,Desc
1228,Product 1228,Desc
1229,Product 1229,Desc
1230,Product 1230,Desc
1231,Product 1231,Desc
1232,Product 1232,Desc
1233,Product 1233,Desc
1234,Product 1234,Desc
1235,Product 1235,Desc
1236,Product 1236,Desc
1237,Product 1237,Desc
1238,Product 1238,Desc
1239,Product 1239,Desc
1240,Product 1240,Desc
1241,Product 1241,Desc
1242,Product 1242,Desc
1243,Product 1243,Desc
1244,Product 1244,Desc
1245,Product 1245,Desc
1246,Product 1246,Desc
1247,Product 1247,Desc
1248,Product 1248,Desc
1249,Product 1249,Desc
1250,Product 1250,Desc
1251,Product 1251,Desc
1252,Product 1252,Desc
1253,Product 1253,Desc
1254,Product 1254,Desc
1255,Product 1255,Desc
1256,Product 1256,Desc
1257,Product 1257,Desc
1258,Product 1258,Desc
1259,Product 1259,Desc
1260,Product 1260,Desc
1261,Product 1261,Desc
1262,Product 1262,Desc
1263,Product 1263,Desc
1264,Product 1264,Desc
1265,Product 1265,Desc
1266,Product 1266,Desc
1267,Product 1267,Desc
1268,Product 1268,Desc
1269,Product 1269,Desc
1270,Product 1270,Desc
1271,Product 1271,Desc
1272,Product 1272,Desc
1273,Product 1273,Desc
1274,Product 1274,Desc
1275,Product 1275,Desc
1276,Product 1276,Desc
1277,Product 1277,Desc
1278,Product 1278,Desc
1279,Product 1279,Desc
1280,Product 1280,Desc
1281,Product 1281,Desc
1282,Product 1282,Desc
1283,Product 1283,Desc
1284,Product 1284,Desc
1285,Product 1285,Desc
1286,Product 1286,Desc
1287,Product 1287,Desc
1288,Product 1288,Desc
1289,Product 1289,Desc
1290,Product 1290,Desc
1291,Product 1291,Desc
1292,Product 1292,Desc
1293,Product 1293,Desc
1294,Product 1294,Desc
1295,Product 1295,Desc
1296,Product 1296,Desc
1297,Product 1297,Desc
1298,Product 1298,Desc
1299,Product 1299,Desc
1300,Product 1300,Desc
1301,Product 1301,Desc
1302,Product 1302,Desc
1303,Product 1303,Desc
1304,Product 1304,Desc
1305,Product 1305,Desc
1306,Product 1306,Desc
1307,Product 1307,Desc
1308,Product 1308,Desc
1309,Product 1309,Desc
1310,Product 1310,Desc
1311,Product 1311,Desc
1312,Product 1312,Desc
1313,Product 1313,Desc
1314,Product 1314,Desc
1315,Product 1315,Desc
1316,Product 1316,Desc
1317,Product 1317,Desc
1318,Product 1318,Desc
1319,Product 1319,Desc
1320,Product 1320,Desc
1321,Product 1321,Desc
1322,Product 1322,Desc
1323,Product 1323,Desc
1324,Product 1324,Desc
1325,Product 1325,Desc
1326,Product 1326,Desc
1327,Product 1327,Desc
1328,Product 1328,Desc
1329,Product 1329,Desc
1330,Product 1330,Desc
1331,Product 1331,Desc
1332,Product 1332,Desc
1333,Product 1333,Desc
1334,Product 1334,Desc
1335,Product 1335,Desc
1336,Product 1336,Desc
1337,Product 1337,Desc
1338,Product 1338,Desc
1339,Product 1339,Desc
1340,Product 1340,Desc
1341,Product 1341,Desc
1342,Product 1342,Desc
1343,Product 1343,Desc
1344,Product 1344,Desc
1345,Product 1345,Desc
1346,Product 1346,Desc
1347,Product 1347,Desc
1348,Product 1348,Desc
1349,Product 1349,Desc
1350,Product 1350,Desc
1351,Product 1351,Desc
1352,Product 1352,Desc
1353,Product 1353,Desc
1354,Product 1354,Desc
1355,Product 1355,Desc
1356,Product 1356,Desc
1357,Product 1357,Desc
1358,Product 1358,Desc
1359,Product 1359,Desc
1360,Product 1360,Desc
1361,Product 1361,Desc
1362,Product 1362,Desc
1363,Product 1363,Desc
1364,Product 1364,Desc
1365,Product 1365,Desc
1366,Product 1366,Desc
1367,Product 1367,Desc
1368,Product 1368,Desc
1369,Product 1369,Desc
1370,Product 1370,Desc
1371,Product 1371,Desc
1372,Product 1372,Desc
1373,Product 1373,Desc
1374,Product 1374,Desc
1375,Product 1375,Desc
1376,Product 1376,Desc
1377,Product 1377,Desc
1378,Product 1378,Desc
1379,Product 1379,Desc
1380,Product 1380,Desc
1381,Product 1381,Desc
1382,Product 1382,Desc
1383,Product 1383,Desc
1384,Product 1384,Desc
1385,Product 1385,Desc
1386,Product 1386,Desc
1387,Product 1387,Desc
1388,Product 1388,Desc
1389,Product 1389,Desc
1390,Product 1390,Desc
1391,Product 1391,Desc
1392,Product 1392,Desc
1393,Product 1393,Desc
1394,Product 1394,Desc
1395,Product 1395,Desc
1396,Product 1396,Desc
1397,Product 1397,Desc
1398,Product 1398,Desc
1399,Product 1399,Desc
1400,Product 1400,Desc
1401,Product 1401,Desc
1402,Product 1402,Desc
1403,Product 1403,Desc
1404,Product 1404,Desc
1405,Product 1405,Desc
1406,Product 1406,Desc
1407,Product 1407,Desc
1408,Product 1408,Desc
1409,Product 1409,Desc
1410,Product 1410,Desc
1411,Product 1411,Desc
1412,Product 1412,Desc
1413,Product 1413,Desc
1414,Product 1414,Desc
1415,Product 1415,Desc
1416,Product 1416,Desc
1417,Product 1417,Desc
1418,Product 1418,Desc
1419,Product 1419,Desc
1420,Product 1420,Desc
1421,Product 1421,Desc
1422,Product 1422,Desc
1423,Product 1423,Desc
1424,Product 1424,Desc
1425,Product 1425,Desc
1426,Product 1426,Desc
1427,Product 1427,Desc
1428,Product 1428,Desc
1429,Product 1429,Desc
1430,Product 1430,Desc
1431,Product 1431,Desc
1432,Product 1432,Desc
1433,Product 1433,Desc
1434,Product 1434,Desc
1435,Product 1435,Desc
1436,Product 1436,Desc
1437,Product 1437,Desc
1438,Product 1438,Desc
1439,Product 1439,Desc
1440,Product 1440,Desc
1441,Product 1441,Desc
1442,Product 1442,Desc
1443,Product 1443,Desc
1444,Product 1444,Desc
1445,Product 1445,Desc
1446,Product 1446,Desc
1447,Product 1447,Desc
1448,Product 1448,Desc
1449,Product 1449,Desc
1450,Product 1450,Desc
1451,Product 1451,Desc
1452,Product 1452,Desc
1453,Product 1453,Desc
1454,Product 1454,Desc
1455,Product 1455,Desc
1456,Product 1456,Desc
1457,Product 1457,Desc
1458,Product 1458,Desc
1459,Product 1459,Desc
1460,Product 1460,Desc
1461,Product 1461,Desc
1462,Product 1462,Desc
1463,Product 1463,Desc
1464,Product 1464,Desc
1465,Product 1465,Desc
1466,Product 1466,Desc
1467,Product 1467,Desc
1468,Product 1468,Desc
1469,Product 1469,Desc
1470,Product 1470,Desc
1471,Product 1471,Desc
1472,Product 1472,Desc
1473,Product 1473,Desc
1474,Product 1474,Desc
1475,Product 1475,Desc
1476,Product 1476,Desc
1477,Product 1477,Desc
1478,Product 1478,Desc
1479,Product 1479,Desc
1480,Product 1480,Desc
1481,Product 1481,Desc
1482,Product 1482,Desc
1483,Product 1483,Desc
1484,Product 1484,Desc
1485,Product 1485,Desc
1486,Product 1486,Desc
1487,Product 1487,Desc
1488,Product 1488,Desc
1489,Product 1489,Desc
1490,Product 1490,Desc
1491,Product 1491,Desc
1492,Product 1492,Desc
1493,Product 1493,Desc
1494,Product 1494,Desc
1495,Product 1495,Desc
1496,Product 1496,Desc
1497,Product 1497,Desc
1498,Product 1498,Desc
1499,Product 1499,Desc
1500,Product 1500,Desc
1501,Product 1501,Desc
1502,Product 1502,Desc
1503,Product 1503,Desc
1504,Product 1504,Desc
1505,Product 1505,Desc
1506,Product 1506,Desc
1507,Product 1507,Desc
1508,Product 1508,Desc
1509,Product 1509,Desc
1510,Product 1510,Desc
1511,Product 1511,Desc
1512,Product 1512,Desc
1513,Product 1513,Desc
1514,Product 1514,Desc
1515,Product 1515,Desc
1516,Product 1516,Desc
1517,Product 1517,Desc
1518,Product 1518,Desc
1519,Product 1519,Desc
1520,Product 1520,Desc
1521,Product 1521,Desc
1522,Product 1522,Desc
1523,Product 1523,Desc
1524,Product 1524,Desc
1525,Product 1525,Desc
1526,Product 1526,Desc
1527,Product 1527,Desc
1528,Product 1528,Desc
1529,Product 1529,Desc
1530,Product 1530,Desc
1531,Product 1531,Desc
1532,Product 1532,Desc
1533,Product 1533,Desc
1534,Product 1534,Desc
1535,Product 1535,Desc
1536,Product 1536,Desc
1537,Product 1537,Desc
1538,Product 1538,Desc
1539,Product 1539,Desc
1540,Product 1540,Desc
1541,Product 1541,Desc
1542,Product 1542,Desc
1543,Product 1543,Desc
1544,Product 1544,Desc
1545,Product 1545,Desc
1546,Product 1546,Desc
1547,Product 1547,Desc
1548,Product 1548,Desc
1549,Product 1549,Desc
1550,Product 1550,Desc
1551,Product 1551,Desc
1552,Product 1552,Desc
1553,Product 1553,Desc
1554,Product 1554,Desc
1555,Product 1555,Desc
1556,Product 1556,Desc
1557,Product 1557,Desc
1558,Product 1558,Desc
1559,Product 1559,Desc
1560,Product 1560,Desc
1561,Product 1561,Desc
1562,Product 1562,Desc
1563,Product 1563,Desc
1564,Product 1564,Desc
1565,Product 1565,Desc
1566,Product 1566,Desc
1567,Product 1567,Desc
1568,Product 1568,Desc
1569,Product 1569,Desc
1570,Product 1570,Desc
1571,Product 1571,Desc
1572,Product 1572,Desc
1573,Product 1573,Desc
1574,Product 1574,Desc
1575,Product 1575,Desc
1576,Product 1576,Desc
1577,Product 1577,Desc
1578,Product 1578,Desc
1579,Product 1579,Desc
1580,Product 1580,Desc
1581,Product 1581,Desc
1582,Product 1582,Desc
1583,Product 1583,Desc
1584,Product 1584,Desc
1585,Product 1585,Desc
1586,Product 1586,Desc
1587,Product 1587,Desc
1588,Product 1588,Desc
1589,Product 1589,Desc
1590,Product 1590,Desc
1591,Product 1591,Desc
1592,Product 1592,Desc
1593,Product 1593,Desc
1594,Product 1594,Desc
1595,Product 1595,Desc
1596,Product 1596,Desc
1597,Product 1597,Desc
1598,Product 1598,Desc
1599,Product 1599,Desc
1600,Product 1600,Desc
1601,Product 1601,Desc
1602,Product 1602,Desc
1603,Product 1603,Desc
1604,Product 1604,Desc
1605,Product 1605,Desc
1606,Product 1606,Desc
1607,Product 1607,Desc
1608,Product 1608,Desc
1609,Product 1609,Desc
1610,Product 1610,Desc
1611,Product 1611,Desc
1612,Product 1612,Desc
1613,Product 1613,Desc
1614,Product 1614,Desc
1615,Product 1615,Desc
1616,Product 1616,Desc
1617,Product 1617,Desc
1618,Product 1618,Desc
1619,Product 1619,Desc
1620,Product 1620,Desc
1621,Product 1621,Desc
1622,Product 1622,Desc
1623,Product 1623,Desc
1624,Product 1624,Desc
1625,Product 1625,Desc
1626,Product 1626,Desc
1627,Product 1627,Desc
1628,Product 1628,Desc
1629,Product 1629,Desc
1630,Product 1630,Desc
1631,Product 1631,Desc
1632,Product 1632,Desc
1633,Product 1633,Desc
1634,Product 1634,Desc
1635,Product 1635,Desc
1636,Product 1636,Desc
1637,Product 1637,Desc
1638,Product 1638,Desc
1639,Product 1639,Desc
1640,Product 1640,Desc
1641,Product 1641,Desc
1642,Product 1642,Desc
1643,Product 1643,Desc
1644,Product 1644,Desc
1645,Product 1645,Desc
1646,Product 1646,Desc
1647,Product 1647,Desc
1648,Product 1648,Desc
1649,Product 1649,Desc
1650,Product 1650,Desc
1651,Product 1651,Desc
1652,Product 1652,Desc
1653,Product 1653,Desc
1654,Product 1654,Desc
1655,Product 1655,Desc
1656,Product 1656,Desc
1657,Product 1657,Desc
1658,Product 1658,Desc
1659,Product 1659,Desc
1660,Product 1660,Desc
1661,Product 1661,Desc
1662,Product 1662,Desc
1663,Product 1663,Desc
1664,Product 1664,Desc
1665,Product 1665,Desc
1666,Product 1666,Desc
1667,Product 1667,Desc
1668,Product 1668,Desc
1669,Product 1669,Desc
1670,Product 1670,Desc
1671,Product 1671,Desc
1672,Product 1672,Desc
1673,Product 1673,Desc
1674,Product 1674,Desc
1675,Product 1675,Desc
1676,Product 1676,Desc
1677,Product 1677,Desc
1678,Product 1678,Desc
1679,Product 1679,Desc
1680,Product 1680,Desc
1681,Product 1681,Desc
1682,Product 1682,Desc
1683,Product 1683,Desc
1684,Product 1684,Desc
1685,Product 1685,Desc
1686,Product 1686,Desc
1687,Product 1687,Desc
1688,Product 1688,Desc
1689,Product 1689,Desc
1690,Product 1690,Desc
1691,Product 1691,Desc
1692,Product 1692,Desc
1693,Product 1693,Desc
1694,Product 1694,Desc
1695,Product 1695,Desc
1696,Product 1696,Desc
1697,Product 1697,Desc
1698,Product 1698,Desc
1699,Product 1699,Desc
1700,Product 1700,Desc
1701,Product 1701,Desc
1702,Product 1702,Desc
1703,Product 1703,Desc
1704,Product 1704,Desc
1705,Product 1705,Desc
1706,Product 1706,Desc
1707,Product 1707,Desc
1708,Product 1708,Desc
1709,Product 1709,Desc
1710,Product 1710,Desc
1711,Product 1711,Desc
1712,Product 1712,Desc
1713,Product 1713,Desc
1714,Product 1714,Desc
1715,Product 1715,Desc
1716,Product 1716,Desc
1717,Product 1717,Desc
1718,Product 1718,Desc
1719,Product 1719,Desc
1720,Product 1720,Desc
1721,Product 1721,Desc
1722,Product 1722,Desc
1723,Product 1723,Desc
1724,Product 1724,Desc
1725,Product 1725,Desc
1726,Product 1726,Desc
1727,Product 1727,Desc
1728,Product 1728,Desc
1729,Product 1729,Desc
1730,Product 1730,Desc
1731,Product 1731,Desc
1732,Product 1732,Desc
1733,Product 1733,Desc
1734,Product 1734,Desc
1735,Product 1735,Desc
1736,Product 1736,Desc
1737,Product 1737,Desc
1738,Product 1738,Desc
1739,Product 1739,Desc
1740,Product 1740,Desc
1741,Product 1741,Desc
1742,Product 1742,Desc
1743,Product 1743,Desc
1744,Product 1744,Desc
1745,Product 1745,Desc
1746,Product 1746,Desc
1747,Product 1747,Desc
1748,Product 1748,Desc
1749,Product 1749,Desc
1750,Product 1750,Desc
1751,Product 1751,Desc
1752,Product 1752,Desc
1753,Product 1753,Desc
1754,Product 1754,Desc
1755,Product 1755,Desc
1756,Product 1756,Desc
1757,Product 1757,Desc
1758,Product 1758,Desc
1759,Product 1759,Desc
1760,Product 1760,Desc
1761,Product 1761,Desc
1762,Product 1762,Desc
1763,Product 1763,Desc
1764,Product 1764,Desc
1765,Product 1765,Desc
1766,Product 1766,Desc
1767,Product 1767,Desc
1768,Product 1768,Desc
1769,Product 1769,Desc
1770,Product 1770,Desc
1771,Product 1771,Desc
1772,Product 1772,Desc
1773,Product 1773,Desc
1774,Product 1774,Desc
1775,Product 1775,Desc
1776,Product 1776,Desc
1777,Product 1777,Desc
1778,Product 1778,Desc
1779,Product 1779,Desc
1780,Product 1780,Desc
1781,Product 1781,Desc
1782,Product 1782,Desc
1783,Product 1783,Desc
1784,Product 1784,Desc
1785,Product 1785,Desc
1786,Product 1786,Desc
1787,Product 1787,Desc
1788,Product 1788,Desc
1789,Product 1789,Desc
1790,Product 1790,Desc
1791,Product 1791,Desc
1792,Product 1792,Desc
1793,Product 1793,Desc
1794,Product 1794,Desc
1795,Product 1795,Desc
1796,Product 1796,Desc
1797,Product 1797,Desc
1798,Product 1798,Desc
1799,Product 1799,Desc
1800,Product 1800,Desc
1801,Product 1801,Desc
1802,Product 1802,Desc
1803,Product 1803,Desc
1804,Product 1804,Desc
1805,Product 1805,Desc
1806,Product 1806,Desc
1807,Product 1807,Desc
1808,Product 1808,Desc
1809,Product 1809,Desc
1810,Product 1810,Desc
1811,Product 1811,Desc
1812,Product 1812,Desc
1813,Product 1813,Desc
1814,Product 1814,Desc
1815,Product 1815,Desc
1816,Product 1816,Desc
1817,Product 1817,Desc
1818,Product 1818,Desc
1819,Product 1819,Desc
1820,Product 1820,Desc
1821,Product 1821,Desc
1822,Product 1822,Desc
1823,Product 1823,Desc
1824,Product 1824,Desc
1825,Product 1825,Desc
1826,Product 1826,Desc
1827,Product 1827,Desc
1828,Product 1828,Desc
1829,Product 1829,Desc
1830,Product 1830,Desc
1831,Product 1831,Desc
1832,Product 1832,Desc
1833,Product 1833,Desc
1834,Product 1834,Desc
1835,Product 1835,Desc
1836,Product 1836,Desc
1837,Product 1837,Desc
1838,Product 1838,Desc
1839,Product 1839,Desc
1840,Product 1840,Desc
1841,Product 1841,Desc
1842,Product 1842,Desc
1843,Product 1843,Desc
1844,Product 1844,Desc
1845,Product 1845,Desc
1846,Product 1846,Desc
1847,Product 1847,Desc
1848,Product 1848,Desc
1849,Product 1849,Desc
1850,Product 1850,Desc
1851,Product 1851,Desc
1852,Product 1852,Desc
1853,Product 1853,Desc
1854,Product 1854,Desc
1855,Product 1855,Desc
1856,Product 1856,Desc
1857,Product 1857,Desc
1858,Product 1858,Desc
1859,Product 1859,Desc
1860,Product 1860,Desc
1861,Product 1861,Desc
1862,Product 1862,Desc
1863,Product 1863,Desc
1864,Product 1864,Desc
1865,Product 1865,Desc
1866,Product 1866,Desc
1867,Product 1867,Desc
1868,Product 1868,Desc
1869,Product 1869,Desc
1870,Product 1870,Desc
1871,Product 1871,Desc
1872,Product 1872,Desc
1873,Product 1873,Desc
1874,Product 1874,Desc
1875,Product 1875,Desc
1876,Product 1876,Desc
1877,Product 1877,Desc
1878,Product 1878,Desc
1879,Product 1879,Desc
1880,Product 1880,Desc
1881,Product 1881,Desc
1882,Product 1882,Desc
1883,Product 1883,Desc
1884,Product 1884,Desc
1885,Product 1885,Desc
1886,Product 1886,Desc
1887,Product 1887,Desc
1888,Product 1888,Desc
1889,Product 1889,Desc
1890,Product 1890,Desc
1891,Product 1891,Desc
1892,Product 1892,Desc
1893,Product 1893,Desc
1894,Product 1894,Desc
1895,Product 1895,Desc
1896,Product 1896,Desc
1897,Product 1897,Desc
1898,Product 1898,Desc
1899,Product 1899,Desc
1900,Product 1900,Desc
1901,Product 1901,Desc
1902,Product 1902,Desc
1903,Product 1903,Desc
1904,Product 1904,Desc
1905,Product 1905,Desc
1906,Product 1906,Desc
1907,Product 1907,Desc
1908,Product 1908,Desc
1909,Product 1909,Desc
1910,Product 1910,Desc
1911,Product 1911,Desc
1912,Product 1912,Desc
1913,Product 1913,Desc
1914,Product 1914,Desc
1915,Product 1915,Desc
1916,Product 1916,Desc
1917,Product 1917,Desc
1918,Product 1918,Desc
1919,Product 1919,Desc
1920,Product 1920,Desc
1921,Product 1921,Desc
1922,Product 1922,Desc
1923,Product 1923,Desc
1924,Product 1924,Desc
1925,Product 1925,Desc
1926,Product 1926,Desc
1927,Product 1927,Desc
1928,Product 1928,Desc
1929,Product 1929,Desc
1930,Product 1930,Desc
1931,Product 1931,Desc
1932,Product 1932,Desc
1933,Product 1933,Desc
1934,Product 1934,Desc
1935,Product 1935,Desc
1936,Product 1936,Desc
1937,Product 1937,Desc
1938,Product 1938,Desc
1939,Product 1939,Desc
1940,Product 1940,Desc
1941,Product 1941,Desc
1942,Product 1942,Desc
1943,Product 1943,Desc
1944,Product 1944,Desc
1945,Product 1945,Desc
1946,Product 1946,Desc
1947,Product 1947,Desc
1948,Product 1948,Desc
1949,Product 1949,Desc
1950,Product 1950,Desc
1951,Product 1951,Desc
1952,Product 1952,Desc
1953,Product 1953,Desc
1954,Product 1954,Desc
1955,Product 1955,Desc
1956,Product 1956,Desc
1957,Product 1957,Desc
1958,Product 1958,Desc
1959,Product 1959,Desc
1960,Product 1960,Desc
1961,Product 1961,Desc
1962,Product 1962,Desc
1963,Product 1963,Desc
1964,Product 1964,Desc
1965,Product 1965,Desc
1966,Product 1966,Desc
1967,Product 1967,Desc
1968,Product 1968,Desc
1969,Product 1969,Desc
1970,Product 1970,Desc
1971,Product 1971,Desc
1972,Product 1972,Desc
1973,Product 1973,Desc
1974,Product 1974,Desc
1975,Product 1975,Desc
1976,Product 1976,Desc
1977,Product 1977,Desc
1978,Product 1978,Desc
1979,Product 1979,Desc
1980,Product 1980,Desc
1981,Product 1981,Desc
1982,Product 1982,Desc
1983,Product 1983,Desc
1984,Product 1984,Desc
1985,Product 1985,Desc
1986,Product 1986,Desc
1987,Product 1987,Desc
1988,Product 1988,Desc
1989,Product 1989,Desc
1990,Product 1990,Desc
1991,Product 1991,Desc
1992,Product 1992,Desc
1993,Product 1993,Desc
1994,Product 1994,Desc
1995,Product 1995,Desc
1996,Product 1996,Desc
1997,Product 1997,Desc
1998,Product 1998,Desc
1999,Product 1999,Desc
2000,Product 2000,Desc
